hvdc_code,shipment_invoice_no,vendor,coe,pol,pod,vessel,hs_code,currency,price
HVDC-ADOPT-HE-0001,,HITACHI,Sweden,Gothenburg,Khalifa port,MSC China,85044083,SEK,433859.0
HVDC-ADOPT-HE-0002,,HITACHI,Sweden,Gothenburg,Khalifa port,MSC Ambra,85044083,SEK,433859.0
HVDC-ADOPT-HE-0003,,HITACHI,Sweden,Gothenburg,Khalifa port,MSC Ambra,85044083,SEK,433859.0
HVDC-ADOPT-HE-0004,,HITACHI,Sweden,Gothenburg,Khalifa port,MSC Tessa,85044083,SEK,433859.0
HVDC-ADOPT-HE-0005,,HITACHI,Sweden,Gothenburg,Khalifa port,MSC Loretto,85044083,SEK,333859.0
HVDC-ADOPT-HE-0007,,HITACHI,Belgium,Antwerp,Khalifa port,MSC Ambra,85412900,SEK,2079511.0
HVDC-ADOPT-HE-0008,,HITACHI,Sweden,Gothenburg,Khalifa port,MSC Ambra,85412900,SEK,2079511.0
HVDC-ADOPT-HE-0009,,HITACHI,Sweden,Gothenburg,Khalifa port,MSC Ambra,85412900,SEK,2079511.0
HVDC-ADOPT-HE-0010,,HITACHI,Sweden,Gothenburg,Khalifa port,MSC Ambra,85412900,SEK,2079511.0
HVDC-ADOPT-HE-0011,,HITACHI,Sweden,Gothenburg,Khalifa port,MSC Ambra,85412900,SEK,2079511.0
HVDC-ADOPT-HE-0012,,HITACHI,Belgium,Antwerp,Khalifa port,Evelyn Maers,8504 50 00,EUR,129230.7
HVDC-ADOPT-HE-0013,,HITACHI,Belgium,Antwerp,Khalifa port,Evelyn Maers,8504 50 00,EUR,129230.7
HVDC-ADOPT-HE-0014,,HITACHI,Belgium,Antwerp,Khalifa port,Evelyn Maers,8504 50 00,EUR,129230.7
HVDC-ADOPT-HE-0015,,HITACHI,Belgium,Antwerp,Khalifa port,Evelyn Maers,8504 50 00,EUR,129230.7
HVDC-ADOPT-HE-0016,,HITACHI,Belgium,Antwerp,Khalifa port,Evelyn Maers,8504 50 00,EUR,129230.7
HVDC-ADOPT-HE-0017,,HITACHI,Belgium,Antwerp,Khalifa port,Evelyn Maers,8504 50 00,EUR,129230.7
HVDC-ADOPT-HE-0018,,HITACHI,Belgium,Antwerp,Khalifa port,Evelyn Maers,8504 50 00,EUR,129230.7
HVDC-ADOPT-HE-0019,,HITACHI,Belgium,Antwerp,Khalifa port,Evelyn Maers,8504 50 00,EUR,129230.7
HVDC-ADOPT-HE-0020,,HITACHI,Sweden,Gothenburg,Khalifa port,MSC Ambra,85412900,SEK,2079511.0
HVDC-ADOPT-HE-0021,,HITACHI,Belgium,Antwerp,Khalifa port,MSC Ambra,8504 50 00,EUR,164968.3
HVDC-ADOPT-HE-0022,,HITACHI,Belgium,Antwerp,Khalifa port,MSC Ambra,8504 50 00,EUR,164968.3
HVDC-ADOPT-HE-0023,,HITACHI,Belgium,Antwerp,Khalifa port,MSC Tessa,85045000,EUR,164968.3
HVDC-ADOPT-HE-0024,,HITACHI,Belgium,Antwerp,Khalifa port,MSC Tessa,85045000,EUR,164968.3
HVDC-ADOPT-HE-0025,,HITACHI,Belgium,Antwerp,Khalifa port,MSC Tessa,85045000,EUR,164968.3
HVDC-ADOPT-HE-0026,,HITACHI,Belgium,Antwerp,Khalifa port,MSC Tessa,85045000,EUR,164968.3
HVDC-ADOPT-HE-0027,,HITACHI,Sweden,Gothenburg,Khalifa port,MSC Tessa,85044083,SEK,433859.0
HVDC-ADOPT-HE-0028,,HITACHI,Belgium,Antwerp,Khalifa port,MARIE Maersk,85045000,EUR,164968.3
HVDC-ADOPT-HE-0029,,HITACHI,Belgium,Antwerp,Khalifa port,EDITH Maersk,85045010,EUR,164968.3
HVDC-ADOPT-HE-0030,,HITACHI,Belgium,Antwerp,Khalifa port,EUGEN Maersk,85045010,EUR,164968.3
HVDC-ADOPT-HE-0031,,HITACHI,Belgium,Antwerp,Khalifa port,ESTELLE Maersk,85045010,EUR,164968.3
HVDC-ADOPT-HE-0032,,HITACHI,Belgium,Antwerp,Khalifa port,ELLY Maersk,85045010,EUR,164968.3
HVDC-ADOPT-HE-0033,,HITACHI,Belgium,Antwerp,Khalifa port,EUGEN Maersk,85045010,EUR,64615.25
HVDC-ADOPT-HE-0034,,HITACHI,Belgium,Antwerp,Khalifa port,EUGEN Maersk,85045010,EUR,129230.7
HVDC-ADOPT-HE-0035,,HITACHI,Belgium,Antwerp,Khalifa port,EUGEN Maersk,85045010,EUR,9144.24
HVDC-ADOPT-HE-0036,,HITACHI,Belgium,Antwerp,Khalifa port,EUGEN Maersk,85045010,EUR,9144.24
HVDC-ADOPT-HE-0037,,HITACHI,Belgium,Antwerp,Khalifa port,EUGEN Maersk,85045010,EUR,9144.24
HVDC-ADOPT-HE-0038,,HITACHI,Belgium,Antwerp,Khalifa port,EUGEN Maersk,85045010,EUR,64615.25
HVDC-ADOPT-HE-0039,,HITACHI,Belgium,Antwerp,Khalifa port,EUGEN Maersk,85045010,EUR,129230.7
HVDC-ADOPT-HE-0040,,HITACHI,Belgium,Antwerp,Khalifa port,EUGEN Maersk,85045010,EUR,9144.24
HVDC-ADOPT-HE-0041,,HITACHI,Belgium,Antwerp,Khalifa port,EUGEN Maersk,85045010,EUR,8535.84
HVDC-ADOPT-HE-0042,,HITACHI,Belgium,Antwerp,Khalifa port,EUGEN Maersk,85045010,EUR,9144.24
HVDC-ADOPT-HE-0043,,HITACHI,Belgium,Antwerp,Khalifa port,EUGEN Maersk,85045010,EUR,64615.25
HVDC-ADOPT-HE-0044,,HITACHI,Belgium,Antwerp,Khalifa port,EUGEN Maersk,85045010,EUR,129230.7
HVDC-ADOPT-HE-0045,,HITACHI,Belgium,Antwerp,Khalifa port,EUGEN Maersk,85045010,EUR,9144.24
HVDC-ADOPT-HE-0046,,HITACHI,Belgium,Antwerp,Khalifa port,EUGEN Maersk,85045010,EUR,8535.83
HVDC-ADOPT-HE-0047,,HITACHI,Belgium,Antwerp,Khalifa port,EUGEN Maersk,85045010,EUR,9144.24
HVDC-ADOPT-HE-0048,,HITACHI,Belgium,Antwerp,Khalifa port,EUGEN Maersk,85045010,EUR,64615.25
HVDC-ADOPT-HE-0049,,HITACHI,Belgium,Antwerp,Khalifa port,EUGEN Maersk,85045010,EUR,129230.7
HVDC-ADOPT-HE-0050,,HITACHI,Belgium,Antwerp,Khalifa port,EUGEN Maersk,85045010,EUR,9144.24
HVDC-ADOPT-HE-0051,,HITACHI,Belgium,Antwerp,Khalifa port,EUGEN Maersk,85045010,EUR,8535.84
HVDC-ADOPT-HE-0052,,HITACHI,Belgium,Antwerp,Khalifa port,EUGEN Maersk,85045010,EUR,9144.24
HVDC-ADOPT-HE-0053,,HITACHI,Sweden,Gothenburg,Khalifa port,MSC Irene,85049090,SEK,2079700.0
HVDC-ADOPT-HE-0054,,HITACHI,Sweden,Gothenburg,Khalifa port,MSC Irene,85049090,SEK,433859.0
HVDC-ADOPT-HE-0055,,HITACHI,Sweden,Gothenburg,Khalifa port,ELLY Maersk,85049000,SEK,433859.0
HVDC-ADOPT-HE-0056,,HITACHI,Sweden,Gothenburg,Khalifa port,MSC Irene,85049090,SEK,433859.0
HVDC-ADOPT-HE-0057,,HITACHI,Belgium,Antwerp,Khalifa port,EDITH Maersk,85045010,EUR,164968.3
HVDC-ADOPT-HE-0058,,HITACHI,Belgium,Antwerp,Khalifa port,MARIE Maersk,85045000,EUR,164968.3
HVDC-ADOPT-HE-0059,,HITACHI,Belgium,Antwerp,Khalifa port,MARIE Maersk,85045000,EUR,164968.3
HVDC-ADOPT-HE-0060,,HITACHI,Belgium,Antwerp,Khalifa port,MARIE Maersk,85045000,EUR,164968.3
HVDC-ADOPT-HE-0061,,HITACHI,Belgium,Antwerp,Khalifa port,EDITH Maersk,85045010,EUR,164968.3
HVDC-ADOPT-HE-0062,,HITACHI,Denmark,Copenhagen,Abu Dhabi Airport,EK,90308900,SEK,418252.6
HVDC-ADOPT-HE-0063,,HITACHI,Netherlands,Amsterdam,Abu Dhabi Airport,EK,90308900,SEK,418252.6
HVDC-ADOPT-HE-0064,,HITACHI,Denmark,Copenhagen,Abu Dhabi Airport,EK,90308900,SEK,418525.6
HVDC-ADOPT-HE-0065,,HITACHI,Netherlands,Amsterdam,Abu Dhabi Airport,EK,90308900,SEK,418525.6
HVDC-ADOPT-HE-0066,,HITACHI,Denmark,Copenhagen,Abu Dhabi Airport,EK,90308900,SEK,418525.6
HVDC-ADOPT-HE-0067,,HITACHI,Denmark,Copenhagen,Abu Dhabi Airport,EK,90308900,SEK,418525.6
HVDC-ADOPT-HE-0068-1,,HITACHI,Sweden,Gothenburg,Khalifa port,ESTELLE Maersk,85049000,SEK,2079700.0
HVDC-ADOPT-HE-0068-2,,HITACHI,Sweden,Gothenburg,Khalifa port,ELLY Maersk,85049000,SEK,2079700.0
HVDC-ADOPT-HE-0069,,HITACHI,Sweden,Gothenburg,Khalifa port,EUGEN Maersk,85049000,SEK,433859.0
HVDC-ADOPT-HE-0070,,HITACHI,Sweden,Gothenburg,Khalifa port,EUGEN Maersk,85049000,SEK,433859.0
HVDC-ADOPT-HE-0071,,HITACHI,Belgium,Antwerp,Khalifa port,EDITH Maersk,85045010,EUR,164968.3
HVDC-ADOPT-HE-0072,,HITACHI,Belgium,Antwerp,Khalifa port,EDITH Maersk,85045010,EUR,164968.3
HVDC-ADOPT-HE-0073,,HITACHI,Belgium,Antwerp,Khalifa port,EUGEN Maersk,85045010,EUR,164968.3
HVDC-ADOPT-HE-0074,,HITACHI,Belgium,Antwerp,Khalifa port,EDITH Maersk,85045010,EUR,164968.3
HVDC-ADOPT-HE-0075,,HITACHI,Belgium,Antwerp,Khalifa port,EDITH Maersk,85045010,EUR,164968.3
HVDC-ADOPT-HE-0076,,HITACHI,Belgium,Antwerp,Khalifa port,EUGEN Maersk,85045010,EUR,164968.3
HVDC-ADOPT-HE-0077,,HITACHI,Belgium,Antwerp,Khalifa port,EUGEN Maersk,85045010,EUR,164968.3
HVDC-ADOPT-HE-0078,,HITACHI,Belgium,Antwerp,Khalifa port,EUGEN Maersk,85045010,EUR,164968.3
HVDC-ADOPT-HE-0079,,HITACHI,Belgium,Antwerp,Khalifa port,ELLY Maersk,85045010,EUR,164968.3
HVDC-ADOPT-HE-0080-1,,HITACHI,Sweden,Gothenburg,Khalifa port,ESTELLE Maersk,85049000,SEK,433859.0
HVDC-ADOPT-HE-0080-2,,HITACHI,Sweden,Gothenburg,Khalifa port,ELLY Maersk,85044083,SEK,433859.0
HVDC-ADOPT-HE-0081,,HITACHI,Sweden,Gothenburg,Khalifa port,ESTELLE Maersk,85049000,SEK,2079700.0
HVDC-ADOPT-HE-0082,,HITACHI,Sweden,Gothenburg,Khalifa port,ELLY Maersk,85049000,SEK,433859.0
HVDC-ADOPT-HE-0083,,HITACHI,Sweden,Gothenburg,Khalifa port,ELLY Maersk,85049000,SEK,433859.0
HVDC-ADOPT-HE-0084-1,,HITACHI,Sweden,Gothenburg,Khalifa port,ELLY Maersk,85049000,SEK,2079700.0
HVDC-ADOPT-HE-0084-2,,HITACHI,Sweden,Gothenburg,Khalifa port,MARCHEN Maersk,85049000,SEK,2079700.0
HVDC-ADOPT-HE-0085,,HITACHI,Brazil,Itaguai,Mina Zayed,BBC Sebastopol,85042300,SEK,41917339.0
HVDC-ADOPT-HE-0087,,HITACHI,Sweden,Gothenburg,Khalifa port,MAGLEBY Maersk,85043300,SEK,154715.7
HVDC-ADOPT-HE-0088,,HITACHI,Brazil,Itaguai,Mina Zayed,BBC Sebastopol,85042300,SEK,40353354.0
HVDC-ADOPT-HE-0089,,HITACHI,Brazil,Itaguai,Mina Zayed,BBC Sebastopol,85042300,SEK,584831.2
HVDC-ADOPT-HE-0090,,HITACHI,Sweden,Gothenburg,Khalifa port,MAGLEBY Maersk,85043300,SEK,147988.9
HVDC-ADOPT-HE-0091,,HITACHI,Sweden,Gothenburg,Khalifa port,MAGLEBY Maersk,85043300,SEK,154715.7
HVDC-ADOPT-HE-0092,,HITACHI,Sweden,Gothenburg,Khalifa port,MAGLEBY Maersk,85043300,SEK,147933.5
HVDC-ADOPT-HE-0093,,HITACHI,Sweden,Gothenburg,Khalifa port,MSC Luciana,85045090,EUR,5745.71
HVDC-ADOPT-HE-0094,,HITACHI,Sweden,Gothenburg,Khalifa port,MSC Luciana,85045090,EUR,2960.74
HVDC-ADOPT-HE-0095,,HITACHI,Sweden,Gothenburg,Khalifa port,MSC Luciana,85045090,EUR,14123.42
HVDC-ADOPT-HE-0096,,HITACHI,Sweden,Gothenburg,Khalifa port,MSC Luciana,85045090,EUR,7966.43
HVDC-ADOPT-HE-0097,,HITACHI,Sweden,Gothenburg,Khalifa port,MSC Luciana,85045090,EUR,19811.59
HVDC-ADOPT-HE-0098,,HITACHI,Sweden,Gothenburg,Khalifa port,MSC Luciana,85045090,EUR,9152.09
HVDC-ADOPT-HE-0099,,HITACHI,Sweden,Antwerpen,Khalifa port,MSC Marie,85332900,SEK,423023.4
HVDC-ADOPT-HE-0100,,HITACHI,Sweden,Antwerpen,Khalifa port,MSC Marie,85332900,SEK,206943.8
HVDC-ADOPT-HE-0101,,HITACHI,Sweden,Gothenburg,Khalifa port,MSC Luciana,90308900,SEK,418525.6
HVDC-ADOPT-HE-0102,,HITACHI,Sweden,Gothenburg,Khalifa port,MSC Luciana,90308900,SEK,209262.8
HVDC-ADOPT-HE-0103,,HITACHI,Sweden,Gothenburg,Khalifa port,MAGLEBY Maersk/Luciana,85043300,SEK,147988.9
HVDC-ADOPT-HE-0104,,HITACHI,Sweden,Gothenburg,Khalifa port,MAGLEBY Maersk/Luciana,85352900,SEK,114355.1
HVDC-ADOPT-HE-0105,,HITACHI,Sweden,Gothenburg,Khalifa port,MAGLEBY Maersk/Luciana,85352900,SEK,114355.0
HVDC-ADOPT-HE-0106,,HITACHI,Sweden,Gothenburg,Khalifa port,MAGLEBY Maersk/Luciana,85352900,SEK,114355.1
HVDC-ADOPT-HE-0107,,HITACHI,Sweden,Gothenburg,Khalifa port,MAGLEBY Maersk/Luciana,85352900,SEK,114355.0
HVDC-ADOPT-HE-0108,,HITACHI,Sweden,Gothenburg,Khalifa port,MAGLEBY Maersk,85043121,EUR,56797.47
HVDC-ADOPT-HE-0109,,HITACHI,Sweden,Gothenburg,Khalifa port,MAGLEBY Maersk,8504 31 21,EUR,56797.47
HVDC-ADOPT-HE-0110,,HITACHI,Brazil,Itaguai,Mina Zayed,BBC Sapphire,85042300,SEK,41917339.0
HVDC-ADOPT-HE-0111,,HITACHI,Sweden,Gothenburg,Khalifa port,Maersk Hamburg,85044083,SEK,327582.0
HVDC-ADOPT-HE-0112,,HITACHI,Sweden,Gothenburg,Khalifa port,Maersk Hamburg,85044083,SEK,327582.0
HVDC-ADOPT-HE-0113,,HITACHI,Sweden,Gothenburg,Khalifa port,Edith Maersk,85044083,SEK,327582.0
HVDC-ADOPT-HE-0114,,HITACHI,Germany,Antwerpen,Khalifa port,MSC Marie,85045000,EUR,12770.23
HVDC-ADOPT-HE-0115,,HITACHI,Sweden,Antwerpen,Khalifa port,MSC Luciana,85045000,EUR,14957.75
HVDC-ADOPT-HE-0116,,HITACHI,Sweden,Uddevalla,Mugharraq,BBC Africa,85042300,SEK,31298760.0
HVDC-ADOPT-HE-0117,,HITACHI,Sweden,Antwerpen,Khalifa port,MSC Luciana,85045000,EUR,3486.52
HVDC-ADOPT-HE-0118,,HITACHI,Germany,Antwerpen,Khalifa port,MSC Marie,85045000,EUR,17233.9
HVDC-ADOPT-HE-0119,,HITACHI,Germany,Antwerpen,Khalifa port,MSC Marie,85045000,EUR,4046.53
HVDC-ADOPT-HE-0120,,HITACHI,Sweden,Antwerpen,Khalifa port,MSC Luciana,85045000,EUR,14957.75
HVDC-ADOPT-HE-0121,,HITACHI,Sweden,Antwerpen,Khalifa port,MSC Luciana,85045000,EUR,2908.44
HVDC-ADOPT-HE-0122,,HITACHI,Sweden,Antwerpen,Khalifa port,MSC Luciana,85045000,EUR,18957.29
HVDC-ADOPT-HE-0123,,HITACHI,Sweden,Antwerpen,Khalifa port,MSC Luciana,85045000,EUR,3486.52
HVDC-ADOPT-HE-0124,,HITACHI,Sweden,Antwerpen,Khalifa port,MSC Luciana,85352900,EUR,7397.31
HVDC-ADOPT-HE-0125,,HITACHI,Sweden,Gothenburg,Khalifa port,Maersk Hamburg,85446010,SEK,398093.9
HVDC-ADOPT-HE-0126,,HITACHI,Sweden,Gothenburg,Khalifa port,Maersk Hamburg,85446010,SEK,398093.9
HVDC-ADOPT-HE-0127-1,,HITACHI,Sweden,Gothenburg,Khalifa port,Eugen Maersk,85446010,SEK,403459.4
HVDC-ADOPT-HE-0127-2,,HITACHI,Sweden,Gothenburg,Khalifa port,ESTELLE Maersk,85446010,SEK,403459.4
HVDC-ADOPT-HE-0128,,HITACHI,Sweden,Gothenburg,Khalifa port,Eugen Maersk,85446010,SEK,403459.4
HVDC-ADOPT-HE-0129,,HITACHI,Sweden,Gothenburg,Khalifa port,Maersk Herrera,85446010,SEK,475538.0
HVDC-ADOPT-HE-0130,,HITACHI,Germany,Antwerpen,Khalifa port,ELLY Maersk,85332900,EUR,22035.44
HVDC-ADOPT-HE-0131,,HITACHI,Germany,Antwerpen,Khalifa port,ELLY Maersk,85332900,EUR,22035.44
HVDC-ADOPT-HE-0132,,HITACHI,Germany,Antwerpen,Khalifa port,ELLY Maersk,85332900,EUR,26173.8
HVDC-ADOPT-HE-0133,,HITACHI,Germany,Antwerpen,Khalifa port,ELLY Maersk,85332900,EUR,26173.8
HVDC-ADOPT-HE-0134,,HITACHI,Austria,Antwerp,Khalifa port,MARIBO MAERSK,85043300,EUR,5142.64
HVDC-ADOPT-HE-0135,,HITACHI,Austria,Antwerp,Khalifa port,MARIBO MAERSK,85043300,EUR,5142.64
HVDC-ADOPT-HE-0136,,HITACHI,Austria,Antwerp,Khalifa port,MARIBO MAERSK,85043300,EUR,8567.65
HVDC-ADOPT-HE-0137,,HITACHI,Austria,Antwerp,Khalifa port,MARIBO MAERSK,85043300,EUR,8567.65
HVDC-ADOPT-HE-0138,,HITACHI,Austria,Antwerp,Khalifa port,MARIBO MAERSK,85043300,EUR,3848.99
HVDC-ADOPT-HE-0139,,HITACHI,Austria,Antwerp,Khalifa port,MARIBO MAERSK,85043300,EUR,3848.99
HVDC-ADOPT-HE-0140,,HITACHI,Sweden,Gothenburg,Khalifa port,Maersk Houston,85044083,SEK,2079511.0
HVDC-ADOPT-HE-0141,,HITACHI,Sweden,Gothenburg,Khalifa port,Maersk Houston,85044083,SEK,320200.0
HVDC-ADOPT-HE-0142,,HITACHI,Sweden,Gothenburg,Khalifa port,Edith Maersk,85044083,SEK,2079511.0
HVDC-ADOPT-HE-0143,,HITACHI,Sweden,Uddevalla,Mugharraq,BBC Austria,85042300,SEK,62134.02
HVDC-ADOPT-HE-0144,,HITACHI,Sweden,Uddevalla,Mugharraq,BBC Austria,85042300,SEK,496805.7
HVDC-ADOPT-HE-0145,,HITACHI,Sweden,Gothenburg,Khalifa port,Maersk Hamburg,85044083,SEK,327582.0
HVDC-ADOPT-HE-0146,,HITACHI,Sweden,Gothenburg,Khalifa port,EDITH Maersk,85044083,SEK,2079511.0
HVDC-ADOPT-HE-0147,,HITACHI,Germany,Venezia,Khalifa port,MSC RENEE,85353090,EUR,14919.32
HVDC-ADOPT-HE-0148,,HITACHI,Germany,Venezia,Khalifa port,MSC RENEE,85353090,EUR,14919.32
HVDC-ADOPT-HE-0149,,HITACHI,Germany,Venezia,Khalifa port,MSC RENEE,85353090,EUR,35637.46
HVDC-ADOPT-HE-0150,,HITACHI,Germany,Venezia,Khalifa port,MSC RENEE,85353090,EUR,35637.46
HVDC-ADOPT-HE-0151,,HITACHI,Germany,Venezia,Khalifa port,MSC RENEE,85353090,EUR,35637.46
HVDC-ADOPT-HE-0152,,HITACHI,Germany,Venezia,Khalifa port,MSC RENEE,85353090,EUR,35637.46
HVDC-ADOPT-HE-0153-1,,HITACHI,Sweden,Gothenburg,Khalifa port,Eugen Maersk,85044083,SEK,2079511.0
HVDC-ADOPT-HE-0153-2,,HITACHI,Sweden,Gothenburg,Khalifa port,ESTELLE Maersk,85044083,SEK,2079511.0
HVDC-ADOPT-HE-0154-1,,HITACHI,Sweden,Gothenburg,Khalifa port,Eugen Maersk,85044083,SEK,327582.0
HVDC-ADOPT-HE-0154-2,,HITACHI,Sweden,Gothenburg,Khalifa port,ESTELLE Maersk,85044083,SEK,327582.0
HVDC-ADOPT-HE-0155,,HITACHI,Sweden,Gothenburg,Khalifa port,ESTELLE Maersk,85044083,SEK,2079511.0
HVDC-ADOPT-HE-0156,,HITACHI,Sweden,Gothenburg,Khalifa port,ESTELLE Maersk,85044083,SEK,327582.0
HVDC-ADOPT-HE-0157,,HITACHI,Sweden,Gothenburg,Khalifa port,ESTELLE Maersk,85044083,SEK,327582.0
HVDC-ADOPT-HE-0158,,HITACHI,Sweden,Gothenburg,Khalifa port,ESTELLE Maersk,85446010,SEK,403459.4
HVDC-ADOPT-HE-0159,,HITACHI,Sweden,Gothenburg,Khalifa port,ESTELLE Maersk,85446010,SEK,403459.4
HVDC-ADOPT-HE-0160,,HITACHI,Sweden,Gothenburg,Khalifa port,MARIBO MAERSK,85049000,SEK,2079511.0
HVDC-ADOPT-HE-0161,,HITACHI,Brazil,Itaguai,Mina Zayed,BBC Kimberly,85042300,SEK,41917339.0
HVDC-ADOPT-HE-0162,,HITACHI,Sweden,Gothenburg,Khalifa port,CAP SAN TAINARO,85049000,SEK,2079511.0
HVDC-ADOPT-HE-0163,,HITACHI,Sweden,Gothenburg,Khalifa port,ELLY Maersk,85049000,SEK,320200.0
HVDC-ADOPT-HE-0164,,HITACHI,Sweden,Gothenburg,Khalifa port,Maersk Cincinnati,85352600,SEK,231519.2
HVDC-ADOPT-HE-0165,,HITACHI,Sweden,Gothenburg,Khalifa port,Maersk Cincinnati,85352600,SEK,231519.2
HVDC-ADOPT-HE-0166,,HITACHI,Sweden,Gothenburg,Khalifa port,Maersk Cincinnati,85352600,SEK,231519.2
HVDC-ADOPT-HE-0167,,HITACHI,Sweden,Gothenburg,Khalifa port,Maersk Cincinnati,85352600,SEK,231519.2
HVDC-ADOPT-HE-0168,,HITACHI,Sweden,Gothenburg,Khalifa port,Maersk Cincinnati,85352600,SEK,152375.0
HVDC-ADOPT-HE-0169,,HITACHI,Sweden,Gothenburg,Khalifa port,Maersk Cincinnati,85352600,SEK,152375.0
HVDC-ADOPT-HE-0170,,HITACHI,Sweden,Gothenburg,Khalifa port,Maersk Cincinnati,85352600,SEK,152375.0
HVDC-ADOPT-HE-0171,,HITACHI,Sweden,Gothenburg,Khalifa port,Maersk Cincinnati,85352600,SEK,152375.0
HVDC-ADOPT-HE-0172,,HITACHI,Sweden,Gothenburg,Khalifa port,Maersk Cincinnati,85352600,SEK,20000.0
HVDC-ADOPT-HE-0173,,HITACHI,Sweden,Gothenburg,Khalifa port,MSC Branka,85044083,SEK,2079511.0
HVDC-ADOPT-HE-0174,,HITACHI,Sweden,Gothenburg,Khalifa port,MSC Branka,85044083,SEK,320200.0
HVDC-ADOPT-HE-0175,,HITACHI,Sweden,Gothenburg,Khalifa port,Americana,85044083,SEK,320200.0
HVDC-ADOPT-HE-0176,,HITACHI,Sweden,Gothenburg,Khalifa port,Americana,85044083,SEK,2079511.0
HVDC-ADOPT-HE-0177,,HITACHI,Sweden,Gothenburg,Khalifa port,Americana,85044083,SEK,320200.0
HVDC-ADOPT-HE-0178,,HITACHI,Sweden,Norrkoping,Mina Zayed,ANNETTE A DESGAGNES,85042300,SEK,40353354.0
HVDC-ADOPT-HE-0179-1,,HITACHI,Sweden,Gothenburg,Khalifa port,Maersk Houston,85044083,SEK,320200.0
HVDC-ADOPT-HE-0179-2,,HITACHI,Sweden,Gothenburg,Khalifa port,Maersk Houston,85044083,SEK,320200.0
HVDC-ADOPT-HE-0180,,HITACHI,Sweden,Gothenburg,Khalifa port,Maersk Herrera,85446010,SEK,475538.0
HVDC-ADOPT-HE-0181,,HITACHI,Sweden,Gothenburg,Khalifa port,Maersk Herrera,85446010,SEK,475538.0
HVDC-ADOPT-HE-0182,,HITACHI,Brazil,Itaguai,Mina Zayed,BBC Switzerland,85042300,SEK,36209511.0
HVDC-ADOPT-HE-0183,,HITACHI,Sweden,Gothenburg,Khalifa port,Maersk Herrera,76061200,SEK,164750.5
HVDC-ADOPT-HE-0184,,HITACHI,Sweden,Gothenburg,Khalifa port,Maersk Herrera,76061230,SEK,163687.6
HVDC-ADOPT-HE-0185,,HITACHI,Italy,Bremerhaven,Khalifa port,Morning Peace,84198910,EUR,298956.7
HVDC-ADOPT-HE-0186,,HITACHI,Sweden,Gothenburg,Khalifa port,Nabucco,84198910,SEK,1075161.0
HVDC-ADOPT-HE-0187,,HITACHI,Italy,Bremerhaven,Khalifa port,Morning Peace,84198910,EUR,212566.9
HVDC-ADOPT-HE-0188,,HITACHI,Italy,Venezia,Khalifa port,MSC Ravena,85353090,EUR,15571.66
HVDC-ADOPT-HE-0189,,HITACHI,Italy,Venezia,Khalifa port,MSC Ravena,85353090,EUR,15571.66
HVDC-ADOPT-HE-0190,,HITACHI,Italy,Venezia,Khalifa port,MSC Ravena,85353090,EUR,15571.66
HVDC-ADOPT-HE-0191,,HITACHI,Italy,Venezia,Khalifa port,MSC Ravena,85353090,EUR,15571.66
HVDC-ADOPT-HE-0192,,HITACHI,Italy,Venezia,Khalifa port,MSC Ravena,85353090,EUR,10018.83
HVDC-ADOPT-HE-0193,,HITACHI,Italy,Venezia,Khalifa port,MSC Ravena,85353090,EUR,10018.83
HVDC-ADOPT-HE-0194,,HITACHI,Italy,Venezia,Khalifa port,MSC Ravena,85353090,EUR,12339.17
HVDC-ADOPT-HE-0195,,HITACHI,Italy,Venezia,Khalifa port,MSC Ravena,85353090,EUR,12339.17
HVDC-ADOPT-HE-0196,,HITACHI,Italy,Venezia,Khalifa port,MSC Ravena,85353090,EUR,12339.17
HVDC-ADOPT-HE-0197,,HITACHI,Italy,Venezia,Khalifa port,MSC Ravena,85353090,EUR,12339.17
HVDC-ADOPT-HE-0198,,HITACHI,Germany,Antwerpen,Khalifa port,EDITH Maersk,85043129,EUR,105549.1
HVDC-ADOPT-HE-0199,,HITACHI,Germany,Antwerpen,Khalifa port,EDITH Maersk,85043129,EUR,105549.1
HVDC-ADOPT-HE-0200,,HITACHI,Germany,Antwerpen,Khalifa port,EDITH Maersk,85043129,EUR,124721.8
HVDC-ADOPT-HE-0201,,HITACHI,Germany,Antwerpen,Khalifa port,EDITH Maersk,85043129,EUR,124721.8
HVDC-ADOPT-HE-0202,,HITACHI,Sweden,Gothenburg,Khalifa port,Nabucco,84198910,SEK,1075161.0
HVDC-ADOPT-HE-0203,,HITACHI,Deutschland,Bremerhaven,Khalifa port,Nabucco,84198910,EUR,242984.9
HVDC-ADOPT-HE-0204,,HITACHI,Deutschland,Bremerhaven,Khalifa port,Nabucco,84198910,EUR,217129.4
HVDC-ADOPT-HE-0205,,HITACHI,Brazil,Itaguai,Mina Zayed,BBC FUJI,85042300,SEK,548629.0
HVDC-ADOPT-HE-0206,,HITACHI,SWEDEN,Gothenburg,Khalifa port,ESTELLE Maersk/Eugene,85446010,SEK,403459.4
HVDC-ADOPT-HE-0207,,HITACHI,SWEDEN,Gothenburg,Khalifa port,ESTELLE Maersk/Eugene,85044083,SEK,338239.8
HVDC-ADOPT-HE-0208,,HITACHI,Estonia,Talinn,Abu Dhabi Airport,QR9705,85447700,SEK,244798.2
HVDC-ADOPT-HE-0209,,HITACHI,SWEDEN,Gothenburg,Khalifa port,ESTELLE Maersk/Eugene,90261089,SEK,5902.0
HVDC-ADOPT-HE-0210,,HITACHI,SWEDEN,Gothenburg,Khalifa port,ESTELLE Maersk/Eugene,85044083,SEK,320200.0
HVDC-ADOPT-HE-0211,,HITACHI,SWEDEN,Gothenburg,Khalifa port,ESTELLE Maersk/Eugene,85044083,SEK,327582.0
HVDC-ADOPT-HE-0212,,HITACHI,SWEDEN,Gothenburg,Khalifa port,ESTELLE Maersk/Eugene,85446010,SEK,445170.6
HVDC-ADOPT-HE-0213,,HITACHI,Brazil,Itaguai,Mina Zayed,BBC FUJI,85042300,SEK,607497.7
HVDC-ADOPT-HE-0214,,HITACHI,SWEDEN,Gothenburg,Khalifa port,MSC GIUSY,85322900,SEK,22270.0
HVDC-ADOPT-HE-0215,,HITACHI,BRAZIL,Itagui,Mina Zayed,BBC MONT BLANC,85042300,SEK,39062382.0
HVDC-ADOPT-HE-0216,,HITACHI,FRANCE,Gothenburg,Khalifa port,ALEXANDRA MAERSK,85072080,SEK,2115914.0
HVDC-ADOPT-HE-0217,,HITACHI,FRANCE,Gothenburg,Khalifa port,ALEXANDRA MAERSK,85072080,SEK,2169215.0
HVDC-ADOPT-HE-0218,,HITACHI,FRANCE,Gothenburg,Khalifa port,ALEXANDRA MAERSK,85072080,SEK,2233279.0
HVDC-ADOPT-HE-0219,,HITACHI,FRANCE,Gothenburg,Khalifa port,ALEXANDRA MAERSK,85072080,SEK,2008504.0
HVDC-ADOPT-HE-0220,,HITACHI,SWEDEN,Gothenburg,Khalifa port,ALEXANDRA MAERSK,85044083,SEK,433859.0
HVDC-ADOPT-HE-0221,,HITACHI,SWEDEN,Gothenburg,Khalifa port,ALEXANDRA MAERSK,85044083,SEK,327582.0
HVDC-ADOPT-HE-0222,,HITACHI,SWEDEN,Gothenburg,Khalifa port,ALEXANDRA MAERSK,85044083,SEK,433859.0
HVDC-ADOPT-HE-0223,,HITACHI,SWEDEN,Copenhagen,Abu Dhabi Airport,EY,84198910,SEK,673158.6
HVDC-ADOPT-HE-0224,,HITACHI,Denmark,Billund,Abu Dhabi Airport,EY,85354000,SEK,246629.3
HVDC-ADOPT-HE-0225,,HITACHI,Denmark,Billund,Abu Dhabi Airport,EY,85354000,SEK,246629.3
HVDC-ADOPT-HE-0226,,HITACHI,SWEDEN,Gothenburg,Khalifa port,MSC ILARIA,85354000,SEK,86921.49
HVDC-ADOPT-HE-0227,,HITACHI,SWEDEN,Gothenburg,Khalifa port,MSC ILARIA,85354000,SEK,86921.49
HVDC-ADOPT-HE-0228,,HITACHI,NETHERLANDS,Amsterdam,Abu Dhabi Airport,EY,85354000,SEK,787028.7
HVDC-ADOPT-HE-0229,,HITACHI,NETHERLANDS,Amsterdam,Abu Dhabi Airport,EY,85354000,SEK,787028.6
HVDC-ADOPT-HE-0230,,HITACHI,NETHERLANDS,Amsterdam,Abu Dhabi Airport,EY,85354000,SEK,220295.9
HVDC-ADOPT-HE-0231,,HITACHI,NETHERLANDS,Amsterdam,Abu Dhabi Airport,EY,85354000,SEK,220295.9
HVDC-ADOPT-HE-0232,,HITACHI,BRAZIL,Itagui,Mina Zayed,BBC MONT BLANC,85042300,SEK,2080000.0
HVDC-ADOPT-HE-0233,,HITACHI,SWEDEN,Gothenburg,Khalifa port,MAERSK HAMBURG,85049017,SEK,700015.9
HVDC-ADOPT-HE-0234,,HITACHI,SWEDEN,Gothenburg,Khalifa port,ALETTE MAERSK,85469090,SEK,338239.8
HVDC-ADOPT-HE-0236,,HITACHI,SWEDEN,Gothenburg,Khalifa port,MAERSK HAMBURG,,SEK,438884.0
HVDC-ADOPT-HE-0237,,HITACHI,Estonia,Talinn,Abu Dhabi Airport,QR9705,85447700,SEK,652795.2
HVDC-ADOPT-HE-0238,,HITACHI,SWEDEN,Gothenburg,Khalifa port,ARC COMMITMENT,84198910,SEK,945381.6
HVDC-ADOPT-HE-0239,,HITACHI,SWEDEN,Gothenburg,Khalifa port,ARC COMMITMENT,84198910,SEK,1132184.0
HVDC-ADOPT-HE-0240,,HITACHI,BELGIUM,Antwerp,Khalifa port,HOEGH COPENHAGEN,84289090,SEK,959255.6
HVDC-ADOPT-HE-0241,,HITACHI,BELGIUM,Antwerp,Khalifa port,HOEGH COPENHAGEN,84289090,SEK,959255.6
HVDC-ADOPT-HE-0242,,HITACHI,BELGIUM,Antwerp,Khalifa port,HOEGH COPENHAGEN,84289090,SEK,959255.6
HVDC-ADOPT-HE-0243,,HITACHI,SWEDEN,Gothenburg,Khalifa port,MATZ MAERSK,85049017,SEK,292000.0
HVDC-ADOPT-HE-0244,,HITACHI,SWEDEN,Malmoe,Abu Dhabi Airport,Emirates,84198910,SEK,133548.0
HVDC-ADOPT-HE-0245,,HITACHI,Italy,Venezia,Khalifa port,MSC RENEE,85353090,SEK,52874.14
HVDC-ADOPT-HE-0246,,HITACHI,Italy,Venezia,Khalifa port,MSC RENEE,85353090,EUR,52874.14
HVDC-ADOPT-HE-0247,,HITACHI,Italy,Venezia,Khalifa port,MSC RENEE,85353090,EUR,52874.14
HVDC-ADOPT-HE-0248,,HITACHI,Italy,Venezia,Khalifa port,MSC RENEE,85353090,EUR,35637.46
HVDC-ADOPT-HE-0249,,HITACHI,Italy,Venezia,Khalifa port,MSC RENEE,85353090,EUR,35637.46
HVDC-ADOPT-HE-0250,,HITACHI,Italy,Venezia,Khalifa port,MSC RENEE,85353090,EUR,35637.46
HVDC-ADOPT-HE-0251,,HITACHI,Estonia,Talinn,Abu Dhabi Airport,QR9705,85447700,SEK,326379.6
HVDC-ADOPT-HE-0252,,HITACHI,SWEDEN,Copenhagen,Abu Dhabi Airport,EK,85322900,SEK,22270.0
HVDC-ADOPT-HE-0253,,HITACHI,SWEDEN,Gothenburg,Khalifa port,MATZ MAERSK,85469090,SEK,121921.7
HVDC-ADOPT-HE-0254,,HITACHI,SWEDEN,Gothenburg,Khalifa port,MATZ MAERSK,85321000,SEK,250391.4
HVDC-ADOPT-HE-0255,,HITACHI,SWEDEN,Gothenburg,Khalifa port,MATZ MAERSK,85321000,SEK,250391.4
HVDC-ADOPT-HE-0256,,HITACHI,SWEDEN,Gothenburg,Khalifa port,MATZ MAERSK,85321000,SEK,233661.5
HVDC-ADOPT-HE-0257,,HITACHI,SWEDEN,Gothenburg,Khalifa port,MATZ MAERSK,85321000,SEK,233661.5
HVDC-ADOPT-HE-0258,,HITACHI,India,Nhava Sheva,Khalifa port,SSF Dream,85045000,SEK,139400.6
HVDC-ADOPT-HE-0259,,HITACHI,India,Nhava Sheva,Khalifa port,SSF Dream,85045000,SEK,124044.1
HVDC-ADOPT-HE-0260,,HITACHI,India,Nhava Sheva,Khalifa port,SSF Dream,85045000,SEK,139400.6
HVDC-ADOPT-HE-0261,,HITACHI,India,Nhava Sheva,Khalifa port,SSF Dream,85045000,SEK,124044.1
HVDC-ADOPT-HE-0262,,HITACHI,India,Nhava Sheva,Khalifa port,SSF Dream,85045000,SEK,101605.4
HVDC-ADOPT-HE-0263,,HITACHI,India,Nhava Sheva,Khalifa port,SSF Dream,85045000,SEK,87511.04
HVDC-ADOPT-HE-0264,,HITACHI,SWEDEN,Denmark,Abu Dhabi Airport,EY,84198910,SEK,673158.6
HVDC-ADOPT-HE-0265,,HITACHI,United Kingdom,Felixstowe,Khalifa port,ALEXANDRA MAERSK,90011090,SEK,263248.8
HVDC-ADOPT-HE-0266,,HITACHI,United Kingdom,Felixstowe,Khalifa port,ALEXANDRA MAERSK,90011090,SEK,233119.9
HVDC-ADOPT-HE-0267,,HITACHI,Denmark,Billund,Abu Dhabi Airport,EY1934,8419 89 10,SEK,530298.2
HVDC-ADOPT-HE-0268,,HITACHI,CHINA,Shanghai,Khalifa port,MSC GAIA,85321000,SEK,285379.2
HVDC-ADOPT-HE-0269,,HITACHI,CHINA,Shanghai,Khalifa port,MSC GAIA,85321000,SEK,42197.76
HVDC-ADOPT-HE-0270,,HITACHI,CHINA,Shanghai,Khalifa port,MSC GAIA,85321000,SEK,286986.2
HVDC-ADOPT-HE-0271,,HITACHI,CHINA,Shanghai,Khalifa port,MSC GAIA,85321000,SEK,42197.76
HVDC-ADOPT-HE-0272,,HITACHI,CHINA,Shanghai,Khalifa port,MSC GAIA,85321000,SEK,291794.4
HVDC-ADOPT-HE-0273,,HITACHI,CHINA,Shanghai,Khalifa port,MSC GAIA,85321000,SEK,42197.76
HVDC-ADOPT-HE-0274,,HITACHI,CHINA,Shanghai,Khalifa port,MSC GAIA,85321000,SEK,138753.0
HVDC-ADOPT-HE-0275,,HITACHI,CHINA,Shanghai,Khalifa port,MSC GAIA,85321000,SEK,21131.28
HVDC-ADOPT-HE-0276,,HITACHI,BELGIUM,Antwerp,Khalifa port,Maersk Hamburg,85332900,SEK,117508.8
HVDC-ADOPT-HE-0277,,HITACHI,BELGIUM,Antwerp,Khalifa port,Maersk Hamburg,85332900,SEK,35439.17
HVDC-ADOPT-HE-0278,,HITACHI,BELGIUM,Antwerp,Khalifa port,Maersk Hamburg,85332900,SEK,362330.6
HVDC-ADOPT-HE-0279,,HITACHI,BELGIUM,Antwerp,Khalifa port,Maersk Hamburg,85332900,SEK,362330.6
HVDC-ADOPT-HE-0280,,HITACHI,BELGIUM,Antwerp,Khalifa port,Maersk Hamburg,85332900,SEK,103156.8
HVDC-ADOPT-HE-0281,,HITACHI,BELGIUM,Antwerp,Khalifa port,Maersk Hamburg,85332900,SEK,103156.8
HVDC-ADOPT-HE-0282,,HITACHI,BELGIUM,Antwerp,Khalifa port,Maersk Hamburg,85332900,SEK,387175.0
HVDC-ADOPT-HE-0283,,HITACHI,BELGIUM,Antwerp,Khalifa port,Maersk Hamburg,85332900,SEK,387175.0
HVDC-ADOPT-HE-0284,,HITACHI,BELGIUM,Antwerp,Khalifa port,Maersk Hamburg,85332900,SEK,387175.0
HVDC-ADOPT-HE-0285,,HITACHI,BELGIUM,Antwerp,Khalifa port,Maersk Hamburg,85332900,SEK,387175.0
HVDC-ADOPT-HE-0286,,HITACHI,BELGIUM,Antwerp,Khalifa port,Maersk Hamburg,85332900,SEK,93951.66
HVDC-ADOPT-HE-0287,,HITACHI,BELGIUM,Antwerp,Khalifa port,Maersk Hamburg,85332900,SEK,93951.66
HVDC-ADOPT-HE-0288,,HITACHI,SWEDEN,Gothenburg,Khalifa port,CMA CGM AGUILA,85321000,SEK,285379.2
HVDC-ADOPT-HE-0289,,HITACHI,SWEDEN,Gothenburg,Khalifa port,CMA CGM AGUILA,85321000,SEK,17949.6
HVDC-ADOPT-HE-0290,,HITACHI,United Kingdom,England,Abu Dhabi Airport,EY0064,90011090,SEK,283770.3
HVDC-ADOPT-HE-0291,,HITACHI,SWEDEN,Gothenburg,Khalifa port,Maersk Cincinnati,85469090,SEK,121921.7
HVDC-ADOPT-HE-0292,,HITACHI,SWEDEN,Gothenburg,Khalifa port,ANE MAERSK,84198910,SEK,519218.1
HVDC-ADOPT-HE-0293,,HITACHI,SWEDEN,Gothenburg,Khalifa port,MAERSK HERRERA,76149000,SEK,68886.89
HVDC-ADOPT-HE-0294,,HITACHI,SWEDEN,Gothenburg,Khalifa port,MAERSK HERRERA,76149000,SEK,61352.39
HVDC-ADOPT-HE-0295,,HITACHI,SWEDEN,Gothenburg,Khalifa port,MAERSK HERRERA,76149000,SEK,69102.17
HVDC-ADOPT-HE-0296,,HITACHI,SWEDEN,Gothenburg,Khalifa port,CSCL NEPTUNE,85321000,SEK,69376.5
HVDC-ADOPT-HE-0297,,HITACHI,SWEDEN,Gothenburg,Khalifa port,CSCL NEPTUNE,85321000,SEK,30974.4
HVDC-ADOPT-HE-0298,,HITACHI,SWEDEN,Gothenburg,Khalifa port,ANE MAERSK,90258040,SEK,103386.4
HVDC-ADOPT-HE-0299,,HITACHI,SWEDEN,Gothenburg,Khalifa port,ANE MAERSK,90258040,SEK,103386.4
HVDC-ADOPT-HE-0300,,HITACHI,SWEDEN,Gothenburg,Khalifa port,ANE MAERSK,90258040,SEK,206772.9
HVDC-ADOPT-HE-0301-1,,HITACHI,BELGIUM,Antwerp,Khalifa port,ANE MAERSK,85462000,SEK,67900.53
HVDC-ADOPT-HE-0301-2,,HITACHI,BELGIUM,Antwerp,Khalifa port,ALETTE MAERSK,85462000,SEK,67900.53
HVDC-ADOPT-HE-0302,,HITACHI,SWEDEN,Malmoe,Abu Dhabi Airport,EK4657,85371098,SEK,566635.0
HVDC-ADOPT-HE-0303,,HITACHI,Italy,Venice,Khalifa port,MSC LUCIANA,85353090,SEK,1220152.0
HVDC-ADOPT-HE-0304,,HITACHI,Italy,Venice,Khalifa port,MSC LUCIANA,85353090,SEK,1220152.0
HVDC-ADOPT-HE-0305,,HITACHI,Italy,Venice,Khalifa port,MSC LUCIANA,85353090,SEK,793768.6
HVDC-ADOPT-HE-0306,,HITACHI,Italy,Venice,Khalifa port,MSC LUCIANA,85353090,SEK,793768.6
HVDC-ADOPT-HE-0307,,HITACHI,SWEDEN,Malmoe,Abu Dhabi Airport,EK9316,85401098,SEK,1133270.0
HVDC-ADOPT-HE-0308,,HITACHI,BELGIUM,Antwerp,Khalifa port,ANE MAERSK,85049090,SEK,18570.41
HVDC-ADOPT-HE-0309-1,,HITACHI,BELGIUM,Antwerp,Khalifa port,ANE MAERSK,85049090,SEK,17916.46
HVDC-ADOPT-HE-0309-2,,HITACHI,BELGIUM,Antwerp,Khalifa port,ALETTE MAERSK,85049090,SEK,17916.46
HVDC-ADOPT-HE-0310-1,,HITACHI,BELGIUM,Antwerp,Khalifa port,ANE MAERSK,85049090,SEK,15834.13
HVDC-ADOPT-HE-0310-2,,HITACHI,BELGIUM,Antwerp,Khalifa port,ALETTE MAERSK,85049090,SEK,15834.13
HVDC-ADOPT-HE-0311-1,,HITACHI,BELGIUM,Antwerp,Khalifa port,ANE MAERSK,85049090,SEK,15857.62
HVDC-ADOPT-HE-0311-2,,HITACHI,BELGIUM,Antwerp,Khalifa port,ALETTE MAERSK,85049090,SEK,15857.62
HVDC-ADOPT-HE-0312,,HITACHI,ITALY,Milan,Abu Dhabi Airport,EY0082,85321000,SEK,291794.4
HVDC-ADOPT-HE-0313,,HITACHI,ITALY,Milan,Abu Dhabi Airport,EY0082,85321000,SEK,19051.2
HVDC-ADOPT-HE-0314,,HITACHI,SWEDEN,Gothenburg,Khalifa port,ALETTE MAERSK,85371098,SEK,1133270.0
HVDC-ADOPT-HE-0315,,HITACHI,BELGIUM,Antwerp,Khalifa port,MORNING PEACE,85332900,SEK,362330.6
HVDC-ADOPT-HE-0316,,HITACHI,BELGIUM,Antwerp,Khalifa port,MORNING PEACE,85332900,SEK,362330.6
HVDC-ADOPT-HE-0317-1,,HITACHI,SWEDEN,Billund,Abu Dhabi Airport,EY,85371098,SEK,566635.0
HVDC-ADOPT-HE-0317-2,,HITACHI,SWEDEN,Billund,Abu Dhabi Airport,EY,85471098,SEK,566635.0
HVDC-ADOPT-HE-0317-3,,HITACHI,SWEDEN,Billund,Abu Dhabi Airport,EY,85571098,SEK,566635.0
HVDC-ADOPT-HE-0318-1,,HITACHI,SWEDEN,Billund,Abu Dhabi Airport,EY,85371098,SEK,566635.0
HVDC-ADOPT-HE-0318-2,,HITACHI,SWEDEN,Billund,Abu Dhabi Airport,EY,85371098,SEK,566635.0
HVDC-ADOPT-HE-0318-3,,HITACHI,SWEDEN,Billund,Abu Dhabi Airport,EY,85371098,SEK,566635.0
HVDC-ADOPT-HE-0318-4,,HITACHI,SWEDEN,Billund,Abu Dhabi Airport,EY,85371098,SEK,566635.0
HVDC-ADOPT-HE-0319-1,,HITACHI,Denmark,Billund,Abu Dhabi Airport,EY,85371098,SEK,566635.0
HVDC-ADOPT-HE-0319-2,,HITACHI,Denmark,Billund,Abu Dhabi Airport,EY,85371098,SEK,566635.0
HVDC-ADOPT-HE-0319-3,,HITACHI,Denmark,Billund,Abu Dhabi Airport,EY,85371098,SEK,566635.0
HVDC-ADOPT-HE-0320,,HITACHI,BELGIUM,Antwerp,Khalifa port,MAERSK HERRERA,85049090,SEK,32581.87
HVDC-ADOPT-HE-0321,,HITACHI,BELGIUM,Antwerp,Khalifa port,MAERSK HAMBURG,85049090,SEK,20273.99
HVDC-ADOPT-HE-0322,,HITACHI,SWEDEN,Gothenburg,Khalifa port,Maersk Hamburg,85371098,SEK,566635.0
HVDC-ADOPT-HE-0323,,HITACHI,BELGIUM,Antwerp,Khalifa port,MAERSK HORSBURGH,85049090,SEK,16630.06
HVDC-ADOPT-HE-0324,,HITACHI,BELGIUM,Antwerp,Khalifa port,MAERSK HORSBURGH,85049090,SEK,10646.28
HVDC-ADOPT-HE-0325-1,,HITACHI,SWEDEN,Gothenburg,Khalifa port,MSC LORETO,85421098,SEK,566635.0
HVDC-ADOPT-HE-0325-2,,HITACHI,SWEDEN,Gothenburg,Khalifa port,MSC LORETO,85371098,SEK,566635.0
HVDC-ADOPT-HE-0326,,HITACHI,Denmark,Billund,Abu Dhabi Airport,EY918,85431098,SEK,566635.0
HVDC-ADOPT-HE-0327,,HITACHI,India,Visakhapatnam,Khalifa port,MSC SABRINA,85044090,SEK,37812.65
HVDC-ADOPT-HE-0328,,HITACHI,MALAYSIA,Port Klang,Khalifa port,CSCL GLOBE,85044090,USD,26223.05
HVDC-ADOPT-HE-0329,,HITACHI,BELGIUM,Antwerp,Khalifa port,MSC MIRJA,85321000,SEK,318979.5
HVDC-ADOPT-HE-0330,,HITACHI,CHINA,Shanghai,Khalifa port,CSCL GLOBE,76149000,SEK,184421.1
HVDC-ADOPT-HE-0331,,HITACHI,SWEDEN,Gothenburg,Khalifa port,Maersk Hamburg,85469090,SEK,78705.0
HVDC-ADOPT-HE-0332,,HITACHI,SWEDEN,Gothenburg,Khalifa port,MSC LORETO,84198910,SEK,530298.2
HVDC-ADOPT-HE-0333,,HITACHI,SWEDEN,Gothenburg,Khalifa port,MSC LORETO,84198910,SEK,519218.1
HVDC-ADOPT-HE-0334,,HITACHI,BELGIUM,Antwerp,Khalifa port,MUNDRA EXPRESS,27102090,SEK,411534.6
HVDC-ADOPT-HE-0335,,HITACHI,BELGIUM,Antwerp,Khalifa port,VANCOUVER EXPRESS,27102090,SEK,410358.8
HVDC-ADOPT-HE-0336,,HITACHI,BELGIUM,Antwerp,Khalifa port,MSC MIRJA,85321000,SEK,407585.0
HVDC-ADOPT-HE-0337,,HITACHI,BELGIUM,Antwerp,Khalifa port,MSC MIRJA,76149000,SEK,95025.42
HVDC-ADOPT-HE-0338,,HITACHI,BELGIUM,Antwerp,Khalifa port,MSC MIRJA,76149000,SEK,149258.6
HVDC-ADOPT-HE-0339,,HITACHI,BELGIUM,Antwerp,Khalifa port,MSC MIRJA,76149000,SEK,124964.8
HVDC-ADOPT-HE-0340,,HITACHI,India,Visakhapatnam,Khalifa port,MSC SABRINA,85044090,SEK,4121.0
HVDC-ADOPT-HE-0341,,HITACHI,Italy,Genoa,Khalifa port,APL MIAMI,85044090,USD,43797.6
HVDC-ADOPT-HE-0342,,HITACHI,Bulgaria,Varna,Khalifa port,MSC EMANUELA,85481098,SEK,546215.0
HVDC-ADOPT-HE-0343,,HITACHI,Bulgaria,Varna,Khalifa port,MSC EMANUELA,85481098,SEK,546215.0
HVDC-ADOPT-HE-0344,,HITACHI,CHINA,Shanghai,Khalifa port,MSC CLORINDA,85321000,SEK,61232.39
HVDC-ADOPT-HE-0345,,HITACHI,CHINA,Shanghai,Khalifa port,MSC CLORINDA,85321000,SEK,6986.25
HVDC-ADOPT-HE-0346,,HITACHI,CHINA,Shanghai,Khalifa port,MSC CLORINDA,85321000,SEK,50985.59
HVDC-ADOPT-HE-0347,,HITACHI,CHINA,Shanghai,Khalifa port,MSC CLORINDA,85321000,SEK,6986.25
HVDC-ADOPT-HE-0348,,HITACHI,CHINA,Shanghai,Khalifa port,MSC CLORINDA,85321000,SEK,117393.9
HVDC-ADOPT-HE-0349,,HITACHI,CHINA,Shanghai,Khalifa port,MSC CLORINDA,85321000,SEK,2933.55
HVDC-ADOPT-HE-0350,,HITACHI,United Kingdom,LONDON GATEWAY,Khalifa port,MSC MIRJA,90011090,SEK,198141.2
HVDC-ADOPT-HE-0351,,HITACHI,United Kingdom,LONDON GATEWAY,Khalifa port,MSC MIRJA,90011090,SEK,173270.1
HVDC-ADOPT-HE-0352,,HITACHI,Bulgaria,Varna,Khalifa port,MSC ORSOLA,85321000,SEK,624044.9
HVDC-ADOPT-HE-0353,,HITACHI,Bulgaria,Varna,Khalifa port,MSC ORSOLA,85321000,SEK,123322.5
HVDC-ADOPT-HE-0354,,HITACHI,MALAYSIA,Port Klang,Khalifa port,Cosco Shipping Aquarius,85044090,USD,26223.05
HVDC-ADOPT-HE-0355,,HITACHI,BELGIUM,Antwerp,Khalifa port,APL BARCELONA,27102090,USD,43997.85
HVDC-ADOPT-HE-0356,,HITACHI,Denmark,Billund,Abu Dhabi Airport,QR9250A,84198910,SEK,331436.4
HVDC-ADOPT-HE-0357,,HITACHI,MALAYSIA,Port Klang,Khalifa port,ITAL UNIVERSO,85044090,SEK,26223.05
HVDC-ADOPT-HE-0358,,HITACHI,MALAYSIA,Port Klang,Khalifa port,ITAL UNIVERSO,85044090,SEK,26223.05
HVDC-ADOPT-HE-0359,,HITACHI,SWEDEN,Gothenburg,Khalifa port,MSC ILARIA,84198910,SEK,757303.4
HVDC-ADOPT-HE-0360,,HITACHI,Denmark,Billund,Abu Dhabi Airport,EY,84198910,SEK,331436.4
HVDC-ADOPT-HE-0361,,HITACHI,Denmark,Billund,Abu Dhabi Airport,EY,84198910,SEK,331436.4
HVDC-ADOPT-HE-0362,,HITACHI,SWEDEN,Gothenburg,Khalifa port,MSC SIXIN,82041100,SEK,30884.0
HVDC-ADOPT-HE-0363,,HITACHI,Estonia,Talinn,Abu Dhabi Airport,EY9903,85447700,SEK,292688.6
HVDC-ADOPT-HE-0364,,HITACHI,Shanhai,China,Khalifa port,MSC LAUREN,8532 1000,SEK,87690.6
HVDC-ADOPT-HE-0365,,HITACHI,Shanhai,China,Khalifa port,MSC LAUREN,8532 1000,SEK,3507.3
HVDC-ADOPT-HE-0366,,HITACHI,Shanhai,China,Khalifa port,MSC LAUREN,8532 1000,SEK,61232.39
HVDC-ADOPT-HE-0368-1,,HITACHI,CHINA,Shanghai,Abu Dhabi Airport,CES237,85462000,EUR,2151.0
HVDC-ADOPT-HE-0368-2,,HITACHI,China,Shanghai,Abu Dhabi Airport,CES,8546 2000,EUR,2365.38
HVDC-ADOPT-HE-0368-3,,HITACHI,CHINA,Shanghai,Abu Dhabi Airport,CES9912,85321000,EUR,2823.0
HVDC-ADOPT-HE-0368-4,,HITACHI,CHINA,Shanghai,Abu Dhabi Airport,CES237,85462000,EUR,1648.4
HVDC-ADOPT-HE-0368-5,,HITACHI,CHINA,Shanghai,Abu Dhabi Airport,CES9912,85462000,EUR,2430.91
HVDC-ADOPT-HE-0368-6,,HITACHI,CHINA,Shanghai,Abu Dhabi Airport,CES237,85462000,EUR,2219.0
HVDC-ADOPT-HE-0368-7,,HITACHI,China,Shanghai,Abu Dhabi Airport,CES,8546 2000,EUR,3676.0
HVDC-ADOPT-HE-0369,,HITACHI,Austria,Linz,Abu Dhabi Airport,EY,85043300,EUR,9655.4
HVDC-ADOPT-HE-0370,,HITACHI,Austria,Linz,Abu Dhabi Airport,EY,85043300,EUR,9564.4
HVDC-ADOPT-HE-0371,,HITACHI,Austria,Linz,Abu Dhabi Airport,EY,85043300,EUR,9545.6
HVDC-ADOPT-HE-0372,,HITACHI,Austria,Vienna,Abu Dhabi Airport,EY,85369010,EUR,5315.7
HVDC-ADOPT-HE-0373,,HITACHI,Denmark,Copenhagen,Abu Dhabi Airport,EY,85352900,SEK,76923.0
HVDC-ADOPT-HE-0374,,HITACHI,SWEDEN,Gothenburg,Khalifa port,MSC SIXIN,84198910,SEK,165718.2
HVDC-ADOPT-HE-0375,,HITACHI,Denmark,Copenhagen,Abu Dhabi Airport,EY,85352900,SEK,29295.0
HVDC-ADOPT-HE-0376,,HITACHI,SWEDEN,Gothenburg,Khalifa port,MSC SIXIN,84198910,SEK,82859.1
HVDC-ADOPT-HE-0377,,HITACHI,SWEDEN,Gothenburg,Khalifa port,MSC SIXIN,84198910,SEK,124288.7
HVDC-ADOPT-HE-0378,,HITACHI,SWEDEN,Gothenburg,Khalifa port,MSC GIUSY,85354000,SEK,252112.5
HVDC-ADOPT-HE-0379,,HITACHI,SWEDEN,Gothenburg,Khalifa port,MSC GIUSY,85354000,SEK,252112.5
HVDC-ADOPT-HE-0380,,HITACHI,BELGIUM,Antwerp,Khalifa port,MSC GIUSY,85354000,SEK,173565.0
HVDC-ADOPT-HE-0381,,HITACHI,BELGIUM,Antwerp,Khalifa port,MSC GIUSY,85354000,SEK,173565.0
HVDC-ADOPT-HE-0382,,HITACHI,India,Ennore,Khalifa port,MSC MONICA III,85371098,SEK,546215.0
HVDC-ADOPT-HE-0383,,HITACHI,SWEDEN,Gothenburg,Khalifa port,MSC GIUSY,85392900,SEK,707450.0
HVDC-ADOPT-HE-0384,,HITACHI,SWEDEN,Gothenburg,Khalifa port,MSC GIUSY,85352900,SEK,707450.0
HVDC-ADOPT-HE-0385-1,,HITACHI,SWEDEN,Gothenburg,Khalifa port,MSC GIUSY,85352900,SEK,621426.3
HVDC-ADOPT-HE-0385-2,,HITACHI,BELGIUM,Antwerp,Khalifa port,MSC GIUSY,85352900,SEK,621426.3
HVDC-ADOPT-HE-0386,,HITACHI,SWEDEN,Gothenburg,Khalifa port,MSC GIUSY,85352900,SEK,621426.3
HVDC-ADOPT-HE-0387-1,,HITACHI,SWEDEN,Gothenburg,Khalifa port,MSC GIUSY,85352900,SEK,649050.0
HVDC-ADOPT-HE-0387-2,,HITACHI,BELGIUM,Antwerp,Khalifa port,MSC GIUSY,85352900,SEK,649050.0
HVDC-ADOPT-HE-0388,,HITACHI,SWEDEN,Gothenburg,Khalifa port,MSC GIUSY,85352900,SEK,649050.0
HVDC-ADOPT-HE-0389,,HITACHI,SWEDEN,Gothenburg,Khalifa port,MSC GIUSY,85352900,SEK,649050.0
HVDC-ADOPT-HE-0390,,HITACHI,SWEDEN,Gothenburg,Khalifa port,MSC GIUSY,85352900,SEK,649050.0
HVDC-ADOPT-HE-0391,,HITACHI,SWEDEN,Gothenburg,Khalifa port,MSC GIUSY,85352900,SEK,649050.0
HVDC-ADOPT-HE-0392,,HITACHI,SWEDEN,Gothenburg,Khalifa port,MSC GIUSY,85352900,SEK,649050.0
HVDC-ADOPT-HE-0393,,HITACHI,SWEDEN,Gothenburg,Khalifa port,MSC GIUSY,85353090,SEK,521175.0
HVDC-ADOPT-HE-0394,,HITACHI,SWEDEN,Gothenburg,Khalifa port,MSC GIUSY,85353090,SEK,521175.0
HVDC-ADOPT-HE-0395,,HITACHI,BELGIUM,Antwerp,Khalifa port,MSC VERONA,8536 9010,EUR,13759.0
HVDC-ADOPT-HE-0396,,HITACHI,BELGIUM,Antwerp,Khalifa port,MSC VERONA,8536 9010,EUR,13215.4
HVDC-ADOPT-HE-0397,,HITACHI,BELGIUM,Antwerp,Khalifa port,MSC VERONA,8536 9010,EUR,13711.25
HVDC-ADOPT-HE-0398,,HITACHI,NETHERLANDS,Amsterdam,Abu Dhabi Airport,EY,8535 4000,SEK,228772.0
HVDC-ADOPT-HE-0399,,HITACHI,NETHERLANDS,Amsterdam,Abu Dhabi Airport,EY,8535 4000,SEK,228772.0
HVDC-ADOPT-HE-0400,,HITACHI,SWEDEN,Gothenburg,Khalifa port,MSC GIUSY,73269098,SEK,331583.0
HVDC-ADOPT-HE-0401,,HITACHI,Denmark,Copenhagen,Abu Dhabi Airport,EY178,7326 9098,SEK,405724.8
HVDC-ADOPT-HE-0402,,HITACHI,SWEDEN,Copenhagen,Abu Dhabi Airport,EY178,85354000,SEK,189850.5
HVDC-ADOPT-HE-0403,,HITACHI,Denmark,Copenhagen,Abu Dhabi Airport,EY178,8535 4000,SEK,252112.5
HVDC-ADOPT-HE-0404,,HITACHI,Denmark,Copenhagen,Abu Dhabi Airport,EY178,8535 4000,SEK,252112.5
HVDC-ADOPT-HE-0405,,HITACHI,SWEDEN,Copenhagen,Abu Dhabi Airport,EY178,85354000,SEK,379701.0
HVDC-ADOPT-HE-0406,,HITACHI,SWEDEN,Copenhagen,Abu Dhabi Airport,EY178,85354000,SEK,173565.0
HVDC-ADOPT-HE-0407,,HITACHI,SWEDEN,Copenhagen,Abu Dhabi Airport,EY178,85354000,SEK,173565.0
HVDC-ADOPT-HE-0408,,HITACHI,Denmark,Copenhagen,Abu Dhabi Airport,EY178,8504 9017,SEK,439500.0
HVDC-ADOPT-HE-0409,,HITACHI,NETHERLANDS,Amsterdam,Abu Dhabi Airport,EY918,8535 4000,SEK,1330310.0
HVDC-ADOPT-HE-0410,,HITACHI,NETHERLANDS,Amsterdam,Abu Dhabi Airport,EY918,8535 4000,SEK,1330310.0
HVDC-ADOPT-HE-0411,,HITACHI,SWEDEN,Copenhagen,Abu Dhabi Airport,EY178,85352900,SEK,707450.0
HVDC-ADOPT-HE-0412,,HITACHI,NETHERLANDS,Amsterdam,Abu Dhabi Airport,EY918,85321000,SEK,41325.7
HVDC-ADOPT-HE-0413,,HITACHI,BELGIUM,Antwerp,Khalifa port,MSC VERONA,8544 7700,SEK,377136.0
HVDC-ADOPT-HE-0414,,HITACHI,BELGIUM,Antwerp,Khalifa port,MSC VERONA,8544 7700,SEK,125712.0
HVDC-ADOPT-HE-0415,,HITACHI,NETHERLANDS,Amsterdam,Abu Dhabi Airport,EY918,85321000,SEK,24826.3
HVDC-ADOPT-HE-0417,,HITACHI,Austria,Linz,Abu Dhabi Airport,EY0511,8536 9010,EUR,3511.8
HVDC-ADOPT-HE-0418,,HITACHI,NETHERLANDS,Amsterdam,Abu Dhabi Airport,EY914,8532 1000,SEK,456617.3
HVDC-ADOPT-HE-0419,,HITACHI,NETHERLANDS,Amsterdam,Abu Dhabi Airport,EY914,8532 1000,SEK,78300.0
HVDC-ADOPT-HE-0420,,HITACHI,BELGIUM,Antwerp,Khalifa port,MSC VERONA,8533 1000,EUR,23272.2
HVDC-ADOPT-HE-0421,,HITACHI,NETHERLANDS,Amsterdam,Abu Dhabi Airport,EY914,8532 1000,SEK,456665.1
HVDC-ADOPT-HE-0422,,HITACHI,NETHERLANDS,Amsterdam,Abu Dhabi Airport,EY914,8532 1000,SEK,78300.0
HVDC-ADOPT-HE-0423,,HITACHI,BELGIUM,Antwerp,Khalifa port,MSC VERONA,8533 1000,EUR,23875.43
HVDC-ADOPT-HE-0424,,HITACHI,BELGIUM,Antwerp,Khalifa port,MSC VERONA,8533 1000,EUR,24505.43
HVDC-ADOPT-HE-0429,,HITACHI,BELGIUM,Antwerp,Khalifa port,MSC VERONA,8504 9090,EUR,633.7845
HVDC-ADOPT-HE-0430,,HITACHI,BELGIUM,Antwerp,Khalifa port,MSC VERONA,8301 4090,EUR,58923.91
HVDC-ADOPT-HE-0431,,HITACHI,BELGIUM,Antwerp,Khalifa port,MSC VERONA,8419 8910,SEK,331436.4
HVDC-ADOPT-HE-0433,,HITACHI,CHINA,Shanghai,Abu Dhabi Airport,EY9912,85462000,SEK,2336.04
HVDC-ADOPT-HE-0434,,HITACHI,CHINA,Shanghai,Khalifa port,MSC EVA,8546 2000,EUR,2715.84
HVDC-ADOPT-HE-0435,,HITACHI,CHINA,Shanghai,Khalifa port,MSC EVA,8546 2000,EUR,2995.65
HVDC-ADOPT-HE-0436,,HITACHI,BELGIUM,Antwerp,Khalifa port,GERHARD SCHULTE,2710 2090,USD,41774.62
HVDC-ADOPT-HE-0438,,HITACHI,SWEDEN,Gothenburg,Khalifa port,MSC MELATILDE,8535 4000,SEK,1071797.0
HVDC-ADOPT-HE-0439,,HITACHI,SWEDEN,Gothenburg,Khalifa port,MSC MELATILDE,8535 4000,SEK,1071797.0
HVDC-ADOPT-HE-0440,,HITACHI,SWEDEN,Gothenburg,Khalifa port,MSC MELATILDE,8535 4000,SEK,446513.0
HVDC-ADOPT-HE-0441,,HITACHI,SWEDEN,Gothenburg,Khalifa port,MSC MELATILDE,8535 4000,SEK,446513.0
HVDC-ADOPT-HE-0442,,HITACHI,Turkey,Izmit,Khalifa port,Delphis Bothnia,8537 1010,AED,81455.41
HVDC-ADOPT-HE-0443,,HITACHI,Denmark,Copenhagen,Abu Dhabi Airport,EY178,73181595,SEK,27738.78
HVDC-ADOPT-HE-0444,,HITACHI,Denmark,Copenhagen,Abu Dhabi Airport,EY178,73181595,SEK,38314.7
HVDC-ADOPT-HE-0445,,HITACHI,Denmark,Copenhagen,Abu Dhabi Airport,EY178,73181595,SEK,73588.38
HVDC-ADOPT-HE-0446,,HITACHI,Denmark,Copenhagen,Abu Dhabi Airport,EY178,73181595,SEK,23706.95
HVDC-ADOPT-HE-0447,,HITACHI,France,Charles De Gaulle,Abu Dhabi Airport,EY9687,8535 4000,SEK,1186242.0
HVDC-ADOPT-HE-0448,,HITACHI,France,Charles De Gaulle,Abu Dhabi Airport,EY9687,8535 4000,SEK,1186242.0
HVDC-ADOPT-HE-0449,,HITACHI,NETHERLANDS,Amsterdam,Abu Dhabi Airport,EY918,8533 2900,EUR,21701.77
HVDC-ADOPT-HE-0450,,HITACHI,BELGIUM,Antwerp,Khalifa port,MSC Cristina,8533 2900,EUR,21701.77
HVDC-ADOPT-HE-0453,,HITACHI,BELGIUM,Brussels,Abu Dhabi Airport,EY058,8536 9010,EUR,3836.61
HVDC-ADOPT-HE-0454,,HITACHI,SWEDEN,Gothenburg,Khalifa port,MSC MELATILDE,4016 9300,SEK,433859.0
HVDC-ADOPT-HE-0455,,HITACHI,Slovenia,Koper,Khalifa port,CMA CGM TITAN,8537 1010,USD,58208.34
HVDC-ADOPT-HE-0456,,HITACHI,Slovenia,Koper,Khalifa port,CMA CGM Centaurus,85371010,USD,58208.34
HVDC-ADOPT-HE-0457,,HITACHI,Slovenia,Koper,Khalifa port,CMA CGM Centaurus,85371010,USD,58208.34
HVDC-ADOPT-HE-0458,,HITACHI,Slovenia,Koper,Khalifa port,CMA CGM Centaurus,85371010,USD,58208.34
HVDC-ADOPT-HE-0459,,HITACHI,BELGIUM,Antwerp,Khalifa port,MSC Cristina,8533 2900,EUR,22100.88
HVDC-ADOPT-HE-0460,,HITACHI,BELGIUM,Antwerp,Khalifa port,MSC Cristina,8533 2900,EUR,22100.88
HVDC-ADOPT-HE-0461,,HITACHI,Denmark,Copenhagen,Abu Dhabi Airport,EY178,32141010,SEK,12946.6
HVDC-ADOPT-HE-0462,,HITACHI,Denmark,Copenhagen,Abu Dhabi Airport,EY178,73181595,SEK,17477.91
HVDC-ADOPT-HE-0463,,HITACHI,Denmark,Copenhagen,Abu Dhabi Airport,EY178,73181595,SEK,22575.72
HVDC-ADOPT-HE-0464,,HITACHI,CHINA,Shanghai,Khalifa port,MSC Marie Leslie,8546 2000,EUR,2158.65
HVDC-ADOPT-HE-0465,,HITACHI,CHINA,Shanghai,Khalifa port,MSC Marie Leslie,8546 2000,EUR,3956.538
HVDC-ADOPT-HE-0466,,HITACHI,BELGIUM,Antwerp,Khalifa port,MSC MARA,8504 3300,EUR,13941.45
HVDC-ADOPT-HE-0467,,HITACHI,BELGIUM,Antwerp,Khalifa port,MSC MARA,8504 3300,EUR,13805.1
HVDC-ADOPT-HE-0468,,HITACHI,BELGIUM,Antwerp,Khalifa port,MSC MARA,8504 3300,EUR,13838.85
HVDC-ADOPT-HE-0469,,HITACHI,Denmark,Copenhagen,Abu Dhabi Airport,EY178,73181595,SEK,135501.0
HVDC-ADOPT-HE-0470,,HITACHI,CHINA,Shanghai,Khalifa port,MSC Marie Leslie,8546 2000,EUR,4181.76
HVDC-ADOPT-HE-0471,,HITACHI,BELGIUM,Antwerp,Khalifa port,COSCO GLORY,2710 2090,USD,43647.55
HVDC-ADOPT-HE-0472,,HITACHI,BELGIUM,Antwerp,Khalifa port,COSCO GLORY,2710 2090,USD,42222.49
HVDC-ADOPT-HE-0473,,HITACHI,BELGIUM,Antwerp,Khalifa port,COSCO GLORY,2710 2090,USD,42059.63
HVDC-ADOPT-HE-0477-1,,HITACHI,NETHERLANDS,Amsterdam,Abu Dhabi Airport,EY918,7326 9098,SEK,405882.0
HVDC-ADOPT-HE-0477-2,,HITACHI,NETHERLANDS,Amsterdam,Abu Dhabi Airport,EY914,7610 9090,SEK,405882.0
HVDC-ADOPT-HE-0480,,HITACHI,Austria,Linz,Abu Dhabi Airport,EY0154,8536 9010,EUR,9530.852
HVDC-ADOPT-HE-0482,,HITACHI,SWEDEN,Gothenburg,Khalifa port,MSC MELATILDE,8535 9000,SEK,194868.7
HVDC-ADOPT-HE-0487,,HITACHI,NETHERLANDS,Amsterdam,Abu Dhabi Airport,EY9858,8419 8910,SEK,331436.4
HVDC-ADOPT-HE-0488,,HITACHI,NETHERLANDS,Amsterdam,Abu Dhabi Airport,EY914,8535 9000,SEK,405924.5
HVDC-ADOPT-HE-0493,,HITACHI,Denmark,Copenhagen,Abu Dhabi Airport,EY178,4016 9300,EUR,5503.98
HVDC-ADOPT-HE-0495,,HITACHI,Denmark,Copenhagen,Abu Dhabi Airport,EY,8535 4000,SEK,238177.1
HVDC-ADOPT-HE-0496,,HITACHI,Denmark,Copenhagen,Abu Dhabi Airport,EY,8535 4000,SEK,263609.4
HVDC-ADOPT-HE-0497,,HITACHI,NETHERLANDS,Amsterdam,Abu Dhabi Airport,EY419,8536 9010,EUR,4755.578
HVDC-ADOPT-HE-LOC-0001,,HITACHI,,,,,,,
HVDC-ADOPT-HE-LOC-0004,,HITACHI,,,,,,,
HVDC-ADOPT-HE-LOC-0007,,HITACHI,,,,,,,
HVDC-ADOPT-HE-LOC-0008,,HITACHI,,,,,,,
HVDC-ADOPT-SIM-0001,,SIMENSE,BELGIUM,Antwerp,Khalifa port,Eugen Maersk,8544 4999,EUR,235427.4
HVDC-ADOPT-SIM-0002,,SIMENSE,Germany,Hamburg,Khalifa port,HORSBURGH Maersk,8535 4000,EUR,11775.0
HVDC-ADOPT-SIM-0003,,SIMENSE,UAE,Vendor Shop,MOSB,Land Transport,,,
HVDC-ADOPT-SIM-0004,,SIMENSE,UAE,Vendor Shop,DSV,Land Transport,,,
HVDC-ADOPT-SIM-0005,,SIMENSE,Germany,Hamburg,Khalifa port,MAERSK HOUSTON,8537 2099,USD,56056.78
HVDC-ADOPT-SIM-0005-2A,,SIMENSE,Germany,Hamburg,Khalifa port,EVELYN MAERSK,8537 2099,USD,287744.2
HVDC-ADOPT-SIM-0005-2B,,SIMENSE,Germany,Hamburg,Khalifa port,EVELYN MAERSK,8537 2099,USD,178156.0
HVDC-ADOPT-SIM-0006,,SIMENSE,Germany,Hamburg,Khalifa port,MAERSK HOUSTON,2812 9000,USD,196794.7
HVDC-ADOPT-SIM-0007,,SIMENSE,UAE,Vendor Shop,MIR,Land Transport,,,
HVDC-ADOPT-SIM-0008,,SIMENSE,UAE,Vendor Shop,DSV,Land Transport,,,
HVDC-ADOPT-SIM-0009-1A,,SIMENSE,Germany,Hamburg,Khalifa port,ANE MAERSK,8535 2900,USD,63715.85
HVDC-ADOPT-SIM-0009-1B,,SIMENSE,Germany,Hamburg,Khalifa port,ANE MAERSK,8535 2900,USD,44602.67
HVDC-ADOPT-SIM-0009-2A,,SIMENSE,Germany,Hamburg,Khalifa port,Maersk Herrera,8535 2900,USD,58748.28
HVDC-ADOPT-SIM-0009-2B,,SIMENSE,Germany,Hamburg,Khalifa port,Maersk Herrera,8535 2900,USD,40625.65
HVDC-ADOPT-SIM-0010,,SIMENSE,Germany,Hamburg,Khalifa port,Maersk Herrera,3208 2090,USD,324.26
HVDC-ADOPT-SIM-0011,,SIMENSE,UAE,Vendor Shop,DSV,Land Transport,,,
HVDC-ADOPT-SIM-0012,,SIMENSE,Germany,Hamburg,Khalifa port,Edith Maersk,2537 2099,USD,64776.58
HVDC-ADOPT-SIM-0013,,SIMENSE,Germany,Hamburg,Khalifa port,Eugen Maersk,2812 9000,USD,187593.6
HVDC-ADOPT-SIM-0014,,SIMENSE,United Kingdom,Southampton,Khalifa port,CMA CGM TITAN,,GBP,4147.258
HVDC-ADOPT-SIM-0015,,SIMENSE,Germany,Hamburg,Khalifa port,Edith Maersk,3208 2090,USD,122.9
HVDC-ADOPT-SIM-0016,,SIMENSE,Germany,Hamburg,Khalifa port,Maersk Herrera,8535 2900,USD,203163.6
HVDC-ADOPT-SIM-0017,,SIMENSE,Germany,Hamburg,Khalifa port,Maersk Hamburg,2537 2099,USD,20538.77
HVDC-ADOPT-SIM-0018,,SIMENSE,United Kingdom,Nottingham,Khalifa port,Seaspan Amazon,,GBP,6331.948
HVDC-ADOPT-SIM-0019,,SIMENSE,Germany,Hamburg,Khalifa port,Elly Maersk,8537 2099,USD,67616.15
HVDC-ADOPT-SIM-0020,,SIMENSE,Germany,Hamburg,Khalifa port,Elly Maersk,8537 2099,USD,60734.48
HVDC-ADOPT-SIM-0021,,SIMENSE,Germany,Hamburg,Khalifa port,MSC Giusy,2812 9000,USD,78609.9
HVDC-ADOPT-SIM-0022,,SIMENSE,UAE,Vendor Shop,DSV,Land Transport,,,
HVDC-ADOPT-SIM-0023,,SIMENSE,UAE,Vendor Shop,DSV,Land Transport,,,
HVDC-ADOPT-SIM-0024,,SIMENSE,Germany,Hamburg,Khalifa port,Estelle Maersk,3824 9996,USD,236.08
HVDC-ADOPT-SIM-0025,,SIMENSE,Germany,Hamburg,Khalifa port,MSC Giusy,8537 2099,USD,148408.8
HVDC-ADOPT-SIM-0026,,SIMENSE,UAE,Vendor Shop,DSV,Land Transport,,,
HVDC-ADOPT-SIM-0027,,SIMENSE,Germany,Hamburg,Khalifa port,ALETTE MAERSK,3208 2090,USD,54.08
HVDC-ADOPT-SIM-0028,,SIMENSE,Germany,Hamburg,Khalifa port,Alexandra Maersk,8538 9099,USD,68914.78
HVDC-ADOPT-SIM-0029,,SIMENSE,BELGIUM,Antwerp,Khalifa port,CSL Neptune,8544 4991,EUR,5717.475
HVDC-ADOPT-SIM-0030,,SIMENSE,Germany,Frankfurt,Abu Dhabi Airport,EY916,8537 1098,USD,42255.0
HVDC-ADOPT-SIM-0031,,SIMENSE,UAE,Vendor Shop,DSV,Land Transport,,,
HVDC-ADOPT-SIM-0032,,SIMENSE,Germany,Hamburg,Khalifa port,MAERSK HOUSTON,8538 9099,USD,33639.27
HVDC-ADOPT-SIM-0033,,SIMENSE,Germany,Hamburg,Khalifa port,MAERSK HOUSTON,3208 2090,USD,69.78
HVDC-ADOPT-SIM-0034,,SIMENSE,BELGIUM,Antwerp,Khalifa port,CSL Neptune,8544 4991,EUR,3108.12
HVDC-ADOPT-SIM-0035,,SIMENSE,Germany,Hamburg,Khalifa port,Maersk Hamburg,8546 9010,USD,69575.55
HVDC-ADOPT-SIM-0036,,SIMENSE,Germany,Hamburg,Khalifa port,Angelica Maersk,8537 2099,USD,298524.4
HVDC-ADOPT-SIM-0037,,SIMENSE,Germany,Hamburg,Khalifa port,Angelica Maersk,8537 2099,USD,133055.2
HVDC-ADOPT-SIM-0038,,SIMENSE,Germany,Hamburg,Khalifa port,Anne Maersk,3208 2090,USD,96.78
HVDC-ADOPT-SIM-0039,,SIMENSE,Germany,Hamburg,Khalifa port,EVELYN MAERSK,8538 9099,USD,37586.07
HVDC-ADOPT-SIM-0040,,SIMENSE,Germany,Hamburg,Khalifa port,ALETTE MAERSK,32082090,USD,41.91
HVDC-ADOPT-SIM-0041,,SIMENSE,Germany,Hamburg,Khalifa port,Maersk Hamburg,3814 0090,USD,146.28
HVDC-ADOPT-SIM-0042,,SIMENSE,Germany,Hamburg,Khalifa port,ESTELLE MAERSK,8537 2099,USD,67611.27
HVDC-ADOPT-SIM-0043,,SIMENSE,Germany,Hamburg,Khalifa port,Maersk Hamburg,8535 9000,USD,30447.96
HVDC-ADOPT-SIM-0044,,SIMENSE,Germany,Hamburg,Khalifa port,GUAYAQUIL EXPRESS,3208 2090,USD,3.52
HVDC-ADOPT-SIM-0045,,SIMENSE,Germany,Hamburg,Khalifa port,Maersk Hamburg,8537 2099,USD,30613.7
HVDC-ADOPT-SIM-0046,,SIMENSE,UAE,Vendor Shop,DSV,Land Transport,,,
HVDC-ADOPT-SIM-0047,,SIMENSE,UAE,Vendor Shop,DSV,Land Transport,,,
HVDC-ADOPT-SIM-0048,,SIMENSE,Germany,Hamburg,Khalifa port,Maersk Hamburg,3824 9996,USD,126.0
HVDC-ADOPT-SIM-0049,,SIMENSE,Germany,Hamburg,Khalifa port,Maersk Hamburg,3208 2090,USD,101.51
HVDC-ADOPT-SIM-0050,,SIMENSE,Germany,Hamburg,Khalifa port,Elly Maersk,8537 2099,USD,52565.96
HVDC-ADOPT-SIM-0051,,SIMENSE,Germany,Hamburg,Khalifa port,Maersk Hamburg,3208 2090,USD,56.78
HVDC-ADOPT-SIM-0052,,SIMENSE,Germany,Hamburg,Khalifa port,ESTELLE MAERSK,8504 3121,USD,44634.13
HVDC-ADOPT-SIM-0053,,SIMENSE,Germany,Hamburg,Khalifa port,ESTELLE MAERSK,8538 9099,USD,38998.74
HVDC-ADOPT-SIM-0054,,SIMENSE,Germany,Hamburg,Khalifa port,ANE MAERSK,3208 2090,USD,22.38
HVDC-ADOPT-SIM-0055,,SIMENSE,Germany,Hamburg,Khalifa port,ANE MAERSK,3824 9996,USD,6.52
HVDC-ADOPT-SIM-0056,,SIMENSE,Germany,Hamburg,Khalifa port,Maersk CINCINNATI,8504 3121,USD,34206.35
HVDC-ADOPT-SIM-0057,,SIMENSE,Italy,Malpensa,Abu Dhabi Airport,EK9661,8537 1091,EUR,20672.0
HVDC-ADOPT-SIM-0058,,SIMENSE,UAE,Vendor Shop,DSV,Land Transport,8537 1000,,
HVDC-ADOPT-SIM-0059,,SIMENSE,UAE,Vendor Shop,DSV,Land Transport,,,
HVDC-ADOPT-SIM-0060,,SIMENSE,UAE,Vendor Shop,DSV,Land Transport,,,
HVDC-ADOPT-SIM-0061,,SIMENSE,Germany,Hamburg,Khalifa port,Maersk CINCINNATI,8535 4000,USD,176280.8
HVDC-ADOPT-SIM-0062,,SIMENSE,Germany,Hamburg,Khalifa port,ANE MAERSK,8546 9010,USD,139714.0
HVDC-ADOPT-SIM-0064,,SIMENSE,Germany,Hamburg,Khalifa port,ALETTE MAERSK,3208 2090,USD,22.4
HVDC-ADOPT-SIM-0065,,SIMENSE,Germany,Hamburg,Khalifa port,ANE MAERSK,9535 9000,USD,13078.97
HVDC-ADOPT-SIM-0066,,SIMENSE,India,Vishakapatnam,Khalifa port,MSC Sabrina,8507 3080,EUR,1266.25
HVDC-ADOPT-SIM-0067,,SIMENSE,UAE,Vendor Shop,DSV,Land Transport,8737 1000,,
HVDC-ADOPT-SIM-0068,,SIMENSE,UAE,Vendor Shop,DSV,Land Transport,8737 1000,,
HVDC-ADOPT-SIM-0069,,SIMENSE,UAE,Vendor Shop,SHU,Land Transport,,,
HVDC-ADOPT-SIM-0070,,SIMENSE,UAE,Vendor Shop,MOSB,Land Transport,,,
HVDC-ADOPT-SIM-0071,,SIMENSE,UAE,Vendor Shop,DSV,Land Transport,85371000,,
HVDC-ADOPT-SIM-0072,,SIMENSE,United Kingdom,Belfast,Abu Dhabi Airport,EK9067,9030 3900,USD,67040.0
HVDC-ADOPT-SIM-0073,,SIMENSE,United Kingdom,Belfast,Abu Dhabi Airport,EK9067,9030 3900,USD,62200.0
HVDC-ADOPT-SIM-0076-A,,SIMENSE,SWITZERLAND,Geneve,Abu Dhabi Airport,QR9206,8504 4013,EUR,17793.33
HVDC-ADOPT-SIM-0076-B,,SIMENSE,SWITZERLAND,Geneve,Abu Dhabi Airport,QR9206,8504 4013,EUR,17793.33
HVDC-ADOPT-SIM-0076-C,,SIMENSE,SWITZERLAND,Geneve,Abu Dhabi Airport,QR9206,8504 4013,EUR,23746.67
HVDC-ADOPT-SIM-0076-D,,SIMENSE,SWITZERLAND,Geneve,Abu Dhabi Airport,QR9206,8504 4013,EUR,23746.67
HVDC-ADOPT-SIM-0077,,SIMENSE,UAE,Vendor Shop,MOSB,Land Transport,8536 9010,,
HVDC-ADOPT-SIM-0078,,SIMENSE,UAE,Vendor Shop,SHU,Land Transport,,,
HVDC-ADOPT-SIM-0079-A,,SIMENSE,Belgium,Antwerp,Khalifa port,MSC FLAVIA,8504 4013,EUR,21536.67
HVDC-ADOPT-SIM-0079-B,,SIMENSE,Belgium,Antwerp,Khalifa port,MSC FLAVIA,8504 4013,EUR,21536.67
HVDC-ADOPT-SIM-0080-A,,SIMENSE,India,Vishakapatnam,Khalifa port,MSC Sabrina III,8507 9080,EUR,1017.188
HVDC-ADOPT-SIM-0080-B,,SIMENSE,India,Vishakapatnam,Khalifa port,MSC Sabrina III,8507 9080,EUR,1017.188
HVDC-ADOPT-SIM-0080-C,,SIMENSE,India,Vishakapatnam,Khalifa port,MSC Sabrina III,8507 9080,EUR,1461.75
HVDC-ADOPT-SIM-0080-D,,SIMENSE,India,Vishakapatnam,Khalifa port,MSC Sabrina III,8507 9080,EUR,1461.75
HVDC-ADOPT-SIM-0081,,SIMENSE,UAE,Vendor Shop,SHU,Land Transport,,,
HVDC-ADOPT-SIM-0082,,SIMENSE,UAE,Vendor Shop,SHU,Land Transport,,,
HVDC-ADOPT-SIM-0083,,SIMENSE,UAE,Vendor Shop,MIRFA,Land Transport,,,
HVDC-ADOPT-SIM-0084,,SIMENSE,UAE,Vendor Shop,MOSB,Land Transport,,,
HVDC-ADOPT-SIM-0086,,SIMENSE,UAE,Vendor Shop,MOSB,Land Transport,,,
HVDC-ADOPT-SIM-0087,,SIMENSE,UAE,Vendor Shop,SHU,Land Transport,,,
HVDC-ADOPT-SIM-0088,,SIMENSE,Turkey,Istanbul,Abu Dhabi Airport,MB-503,8504 9090,USD,273080.0
HVDC-ADOPT-SIM-0090,,SIMENSE,UAE,Vendor Shop,MOSB,Land Transport,,,
HVDC-ADOPT-SIM-0091,,SIMENSE,UAE,Vendor Shop,SHU,Land Transport,,,
HVDC-ADOPT-SIM-0092,,SIMENSE,SWITZERLAND,Zurich,Abu Dhabi Airport,QR8758,85176200,CHF,1078526.0
HVDC-ADOPT-SIM-0094,,SIMENSE,BELGIUM,Brussels,Abu Dhabi Airport,EK9111T,8544 4991,EUR,30331.94
